text,label
you left work early today,stalker_behavior
"sab dikhawa hai, asli me kuch nahi",harassment_med
"tum itni khoobsurat ho, control nahi hota",creepy_flirt
tumhara moral zero hai,harassment_med
tumhara level hi low hai,harassment_med
behenji style,harassment_mild
tumhari presence light lagti hai,safe
too skinny,harassment_med
fatso,harassment_med
heartbeat,creepy_flirt
tumhari photo natural aur sweet hai,safe
you entered building with your friend,stalker_behavior
tumne story me same location dali,stalker_behavior
pure-hearted person,safe
dark underarms,harassment_mild
bhot khoobsurat,safe
oily,harassment_mild
You are so silly and pathetic.,harassment_severe
tumhara smile dil le gaya,creepy_flirt
sweet heart,creepy_flirt
you stood near flower shop,stalker_behavior
you took right turn near school,stalker_behavior
"loved this post, so real",safe
nice energy,safe
tumhare bina lagta hai insta khali hai,creepy_flirt
you’re a total disaster online,harassment_severe
kal raat sapne mein thi tum,creepy_flirt
tumhare jaise ladki mil jaye toh life set,creepy_flirt
you took auto number 2185,stalker_behavior
everyone would be better off without your posts,harassment_severe
mar ja,harassment_severe
tum shopping street pe slow walk kar rahi thi,stalker_behavior
you should be publicly reprimanded,harassment_severe
fire girl,safe
tumhari har post save karta hoon,creepy_flirt
lips bade lag rahe,harassment_mild
you’re driving me crazy,creepy_flirt
chin weird hai,harassment_mild
ye ladki toh poori attention seeker hai,harassment_med
say something,creepy_flirt
tumhe dekh ke din ban gaya,creepy_flirt
nobody wants you here,harassment_severe
tum garden ke bench pe thi kal,stalker_behavior
hate face,harassment_med
tumhe dekh ke dil shant ho jata hai,creepy_flirt
waiting,creepy_flirt
tum kuch khaas nahi,harassment_mild
tum parking lot ke pass thi,stalker_behavior
tumhare jaise log dikhawa karte hain respect ka,harassment_mild
you looked like a goddess,creepy_flirt
tere jaise log bas attention ke liye jeete hai,harassment_med
vibe check,safe
tumhe lagta hai koi kuch nahi karega?,harassment_severe
too loud,harassment_mild
tumhare jaise log sirf problem create karte hai,harassment_med
i saw you entering the library today,stalker_behavior
you forgot your bottle at desk,stalker_behavior
body loose hai,harassment_med
tumhara expression natural hai,safe
tum sirf attention ke liye logon ko use karti ho,harassment_med
no one takes you seriously,harassment_med
alwaysonline,creepy_flirt
thick arms,harassment_mild
tumhe sabke saamne girane wala hoon,harassment_severe
gain weight,harassment_mild
such a positive vibe here,safe
tum fake innocence dikhati ho,harassment_mild
tumhe dekh ke lagta hai love ho gaya,creepy_flirt
dreamgirl,creepy_flirt
kal wali reel dekh ke heart aa gaya,creepy_flirt
possessive,creepy_flirt
your posts are attention seeking,harassment_mild
"stop trying to look good, it’s pathetic",harassment_severe
body dekh apni,harassment_med
tum jaise ladkiyon ki wajah se sabki badnaami hoti hai,harassment_med
"besharam kahin ki, ghar pe koi nahi samjhata kya",harassment_severe
i love how kind you are,safe
people regret interacting with you,harassment_severe
great,safe
nobody here even likes you,harassment_med
you’re always so dramatic,harassment_mild
eliminate,harassment_severe
accha,safe
nice,safe
perfect,safe
outfit chhoti hai,harassment_mild
your voice is calming,safe
you were waiting under tree shade,stalker_behavior
you make everything worse for everyone,harassment_severe
acne marks bhare,harassment_mild
lipstick over,harassment_mild
tum toh kamaal lag rahi ho,creepy_flirt
babe,creepy_flirt
fat lag rahi,harassment_med
tumhari soch bohot positive hai,safe
love your simplicity,safe
"you’re a bad influence, get gone",harassment_severe
kitni moti lagti,harassment_med
tum kuch alag hi feel deti ho,creepy_flirt
tumhara naam har kisi ke saath joda jata hai,harassment_severe
tumhare jaise ladkiyon pe koi bharosa nahi karta,harassment_severe
you’re a major source of annoyance,harassment_severe
"tum kuch bhi kar lo, log nahi pasand karte",harassment_med
"Stop talking, or I will post your nudes everywhere.",harassment_severe
dumb,harassment_mild
tum apne followers ko manipulate karti,harassment_med
what a lovely post,safe
eyes,creepy_flirt
you cause problems wherever you post,harassment_severe
tumne shopping bag pe tag lagaya,stalker_behavior
tum apne jaise hi log attract karti ho,harassment_mild
nobody likes you slut,harassment_severe
tumhara energy level amazing hai,safe
tumhare office ke pass dekha,stalker_behavior
no one likes every fat snack u do bitch.,harassment_severe
naughty,creepy_flirt
real photo daalo,harassment_mild
vibingwithu,creepy_flirt
you look annoying in every video,harassment_med
overacting karne se star nahi banti,harassment_med
you look cheap in every photo,harassment_med
cheap looking,harassment_med
face fat ho gaya,harassment_mild
tum offline jao toh bura lagta hai,creepy_flirt
end,harassment_severe
ghatiya style,harassment_med
tumhare posts dekh ke dil khush ho jaata hai,creepy_flirt
your actions make you untrustworthy,harassment_severe
tumhare jaise logon ki wajah se trust nahi karte,harassment_severe
"bahut bolti ho, ek din chup kara denge",harassment_severe
pathetic,harassment_med
beautiful vibes,safe
nice shot,safe
kaali lagti,harassment_med
chapri look,harassment_med
tumhe khud bhi pata nahi kya kar rahi ho,harassment_med
tumhara opinion matter nahi karta,harassment_med
tum basic lagti ho har time,harassment_mild
tatti post,harassment_severe
tum bookshop me 15 mins thi,stalker_behavior
nice-try,harassment_mild
tum social media pe apni izzat khud gira rahi ho,harassment_med
koi bhi tumhe seriously nahi dekhta,harassment_med
tum road cross karte hue dekhi gayi,stalker_behavior
uneven tone,harassment_mild
you looked soooo good in your last pic,creepy_flirt
i keep thinking about you.,creepy_flirt
i can’t stop thinking about you,creepy_flirt
no one cares about you or your posts,harassment_severe
you carried same bag again today,stalker_behavior
thodi gym ja,harassment_mild
so tempting,creepy_flirt
itni gandi reel banayi hai,harassment_med
people only talk to you out of pity,harassment_med
tumhara smile sabse pyara hai,safe
full drama,harassment_mild
i love your posts,safe
you were checking your reflection,stalker_behavior
you waited for cab near mall,stalker_behavior
you add nothing but drama,harassment_severe
tatti face,harassment_severe
cheap outfit,harassment_med
chill vibes,safe
you were talking to shopkeeper long,stalker_behavior
your online presence is completely unbearable,harassment_severe
face phool gaya,harassment_mild
everyone can see you're fake,harassment_med
"zyada share mat karo, nateeje kharab honge",harassment_severe
i saw you sitting at corner bench,stalker_behavior
dark circles,harassment_mild
charming,safe
tum car ke bonnet ke pass thi,stalker_behavior
hate vibe,harassment_med
tum attention ke liye kuch bhi kar sakti ho,harassment_med
stunninggg,safe
kya-baat,harassment_mild
kamar gayab,harassment_mild
you came out of bookstore,stalker_behavior
myangel,creepy_flirt
you were wearing silver ring,stalker_behavior
mil gaye toh dekh lena kya hota hai,harassment_severe
i saw you park your scooty,stalker_behavior
tumhara post positive feel deta hai,safe
aesthetic,safe
you're amazing,safe
tumhara scarf pink tha kal,stalker_behavior
tumne car door open kiya,stalker_behavior
"tum reply nahi karti, par main wait karta hoon",creepy_flirt
tum bohot understanding lagti ho,safe
tum online ho abhi?,creepy_flirt
not classy,harassment_mild
body shame,harassment_severe
so bold,creepy_flirt
tumhe sharam nahi aati aise post karte hue,harassment_med
yours,creepy_flirt
tumhe dekha rain mein khadi thi,stalker_behavior
tum sab ke saath close rehna pasand karti ho,harassment_med
die soon,harassment_severe
stop acting so desperate,harassment_severe
stunning as always,safe
tumhe dekh kar laga tum jaldi me thi,stalker_behavior
big nose,harassment_mild
you looked back once while walking,stalker_behavior
peaceful,safe
zero,harassment_mild
positive,safe
itni bhi beautiful nahi jitna sochti,harassment_med
you always make it about yourself,harassment_med
gym jao,harassment_mild
you looked too good last night.,creepy_flirt
i saw you in my society today,stalker_behavior
belly fat,harassment_mild
gora ban ja,harassment_mild
tumhara post energy deta hai,safe
tumhare ghar ke aas-paas rehta hoon,creepy_flirt
flat,harassment_mild
tu bas sympathy gain karna chahti hai,harassment_med
tumhare har expression yaad hai mujhe,creepy_flirt
tum online ho toh mood better lagta,creepy_flirt
i can’t stop staring,creepy_flirt
revenge,harassment_severe
tumne café ka photo tag kiya,stalker_behavior
tum itni sundar ho ki aankhen hatt’ti nahi,creepy_flirt
reply to me please,creepy_flirt
tum bus mein corner seat pe thi,stalker_behavior
my eyes only for you,creepy_flirt
such a sweet person!,safe
shortie,harassment_mild
this made me smile,safe
ye last baar bol raha hoon,harassment_med
tumhara impression bilkul ganda hai,harassment_med
tumhare ghar ki balcony lights on thi,stalker_behavior
tum ek hi time pe gym jaati ho,stalker_behavior
you deserve to be publicly shamed,harassment_severe
tumhare bina feed adhoora lagta hai,creepy_flirt
har cheez me overconfidence,harassment_mild
tum kisi pe bhi trust nahi karne layak ho,harassment_med
loveagain,creepy_flirt
bas body show karne aayi hai ye,harassment_severe
love the peaceful tone,safe
kya nautanki hai,harassment_mild
real charm,safe
kya smile hai tumhari,safe
you were at the station around 6,stalker_behavior
you waited under same tree,stalker_behavior
forevermine,creepy_flirt
tum phone me busy thi road pe,stalker_behavior
"tum kuch bhi post kar do, log ignore karte",harassment_mild
tumhara dressing sense sab kuch bata deta hai,harassment_med
stop existing online bop,harassment_severe
you stood near metro pole,stalker_behavior
dil khush ho gaya ye dekhke,safe
sending love and light,safe
you went grocery shopping at 7,stalker_behavior
tumhara fame bas luck hai,harassment_mild
lagta hai gym band hai,harassment_mild
"kuch bhi pehen leti ho, shame naam ki cheez hai bhi kya",harassment_med
tu famous hone ke liye kuch bhi karegi,harassment_med
you are completely intolerable,harassment_severe
stop trying to act innocent,harassment_med
have a peaceful day,safe
eyes chhoti,harassment_mild
sunshine,creepy_flirt
you took shortcut lane again,stalker_behavior
kapde sambhal nahi rahe,harassment_mild
nautanki,harassment_mild
tumhare liye kuch likhna chah raha hoon,creepy_flirt
tere jaise logon ki wajah se ladkiyon ka naam kharab hota hai,harassment_severe
tumhara attitude bas fake hai,harassment_mild
why do you even bother posting this?,harassment_severe
zyada smart mat ban,harassment_med
nonsense act,harassment_med
seductive,creepy_flirt
queen of hearts,creepy_flirt
you deserve all the love,safe
i hate your voice,harassment_med
baby girl,creepy_flirt
shape kharab,harassment_med
darling,creepy_flirt
such a comforting vibe,safe
so elegant,safe
i saw your shadow in café photo,stalker_behavior
tum fake innocence ka show karti ho,harassment_mild
tumhara naam sun ke hi smile aati,creepy_flirt
tumhari harkatein had se zyada hain,harassment_med
tumhe dekh ke lagta hai sab kuch perfect hai,creepy_flirt
sabko impress karne ke chakkar mein apni izzat khodi,harassment_severe
Their hearts are even blacker than their skins,harassment_severe
so wholesome,safe
fairness cream lagao,harassment_mild
stop embarrassing yourself in public,harassment_med
killer smile,safe
you wore white again today,stalker_behavior
shade galat lagaya,harassment_mild
expose,harassment_med
skin kharab ho gayi,harassment_mild
surgery karayi kya,harassment_mild
tumhari smile se energy milti hai,safe
a1 look,safe
bas sympathy gain karna aata hai tujhe,harassment_med
pimple,harassment_mild
lmao,harassment_mild
jealous,harassment_med
you looked tired walking home,stalker_behavior
you're so pretty omg,creepy_flirt
i saw you drop your handkerchief,stalker_behavior
i saw you laughing at that chai stall,stalker_behavior
tumhari vibe alag hi hai,creepy_flirt
mast smile,safe
apni aukaat dekhi hai kabhi,harassment_severe
positive and healthy energy,safe
tumhara smile confidence dikhata hai,safe
"tum itni perfect ho, real lagti hi nahi",creepy_flirt
tumhara light off hua 10:45 pe,stalker_behavior
you should be ashamed of yourself,harassment_severe
you left your umbrella in canteen,stalker_behavior
tum apni friend ke sath thi market mein,stalker_behavior
face dull lag raha,harassment_mild
kaale daag,harassment_mild
you crossed my lane again,stalker_behavior
good job done,safe
everyone laughs at you,harassment_med
bina makeup bhayanak,harassment_med
love your vibe,safe
tum sabko impress karne ke liye kuch bhi karti ho,harassment_mild
you always eat lunch at same café,stalker_behavior
i saw you entering café bluestone,stalker_behavior
tumne yellow dupatta liya tha,stalker_behavior
your opinions are trash,harassment_med
Hey sexy,harassment_severe
"you shouldn’t be here, i hope you choke and die",harassment_severe
weird face,harassment_med
tumhara attitude cheap lagta,harassment_mild
bewakoof,harassment_mild
kya hi kar logi life me,harassment_med
bakwas,harassment_mild
tum park ke gate pe ruk gayi thi,stalker_behavior
miss kar raha tha,creepy_flirt
you stood outside that cafe again,stalker_behavior
keep going,safe
you left café with same friend,stalker_behavior
you were at stoplight near mall,stalker_behavior
good energy,safe
bakwaas reel,harassment_mild
this is pathetic — stop now,harassment_severe
You are a fuckboy,harassment_severe
always thinking about you,creepy_flirt
tum auto stand ke pass thi,stalker_behavior
without filter toh scary,harassment_med
itni patli kyu,harassment_mild
you’re a public disgrace,harassment_severe
cutie,creepy_flirt
natural look nahi,harassment_mild
weird posture,harassment_mild
you are so worthless i swear,harassment_severe
tum phone me kisi ka message padh rahi thi,stalker_behavior
Will you go down on me?,harassment_severe
such a happy face,safe
ruin,harassment_severe
sab fake hai tere jaise influencers,harassment_med
you're so sweet,creepy_flirt
"Hiiii, you super hot, sexy ,Remember me ?",harassment_severe
tumne watch pe time dekha 8:15,stalker_behavior
itni cheap dressing kyu karti hai,harassment_med
tumhari smile dil chura leti hai,creepy_flirt
you dropped something near car,stalker_behavior
tum jaisi ladkiyon ki wajah se badnaami hoti hai,harassment_severe
tumhare pics kaise mil jaate hain mujhe,creepy_flirt
you were eating ice cream yesterday,stalker_behavior
without makeup ajeeb,harassment_mild
tumhare bina feed adhura lagta hai,creepy_flirt
She’s a hypocritical awful horrible disgusting excuse of a human being,harassment_severe
every post of yours is fire,creepy_flirt
tumhari har move notice karta hoon,creepy_flirt
"you should be banned from insta,you big fat ho",harassment_severe
tum same path se daily aati ho,stalker_behavior
rang kaala,harassment_severe
this caption feels heartfelt,safe
lovely and respectful comment,safe
fame-hungry,harassment_med
nonsense,harassment_mild
you have no idea what you do to me,creepy_flirt
itna hot,creepy_flirt
you're a failure,harassment_severe
tum bus ke corner seat pe thi,stalker_behavior
overweight,harassment_mild
bekaar,harassment_mild
tum sabko bewakoof banati ho,harassment_mild
why are you even alive? ,harassment_severe
you didn’t smile today,stalker_behavior
pretty face,safe
call me tonight,creepy_flirt
gandi vibe,harassment_med
thick thighs,harassment_mild
photozoom,creepy_flirt
tumhe lagta hai koi kuch nahi karega,harassment_med
tumhara reel delete karwa dunga,harassment_med
"itna makeup kyu karti ho, asli chehra dikhane se dar lagta hai kya",harassment_med
"tum kuch bhi post karti ho, bas dikhawa",harassment_mild
ab aged lagti,harassment_mild
tumhara aukaat dikhana padega,harassment_severe
loveyou,creepy_flirt
you didn’t post story today,stalker_behavior
stop pretending to be humble,harassment_med
you’ll never make it,harassment_severe
you left class early again,stalker_behavior
tum park ke corner pe khadi thi,stalker_behavior
i saw you at crossing signal 5,stalker_behavior
nobody would miss you if you left,harassment_severe
nicee,safe
sabko pata hai tu fake hai,harassment_med
tere jaise logon ko sab pata chal jata hai,harassment_med
i saw your shoes outside main door,stalker_behavior
you in my dreams again,creepy_flirt
not glowing,harassment_mild
moti ho gayi,harassment_med
smile,creepy_flirt
you came alone from metro,stalker_behavior
tumhare status pe reply nahi kiya tumne,creepy_flirt
buddhi face,harassment_med
i saw your reflection in mirror wall,stalker_behavior
your reputation is irreparably damaged,harassment_severe
"makeup hata ke dikha, asli chehra pata chalega",harassment_med
i like your style,safe
tumne white scarf pehna tha,stalker_behavior
you waved to someone near street corner,stalker_behavior
tumhara presence hi special lagta,creepy_flirt
face shape ajeeb,harassment_mild
obsession,creepy_flirt
you belong nowhere near this community,harassment_severe
tumhara naam sab jagah faila dunga,harassment_severe
tumhari awaaz imagine karta rehta hoon,creepy_flirt
you have such good energy,safe
get lost bitch,harassment_severe
Fuck your opinion,harassment_severe
your posts are poison to the feed,harassment_severe
itni pyaari kaise ho yaar,creepy_flirt
pathetic post,harassment_med
you looked perfect last night,creepy_flirt
pehle better thi,harassment_mild
I don’t want ur attention u dim fuck I want ur credit card and car keys,harassment_severe
dilse,safe
"zyada bolti ho, baad me pachhtaogi",harassment_severe
extra attitude,harassment_mild
kya smile hai,creepy_flirt
storyview,creepy_flirt
sending love and support,safe
tumhari post ka consequence milega,harassment_severe
flop,harassment_mild
face round lag raha,harassment_mild
you deserve all the hate,harassment_severe
"tum kuch bhi karo, lagta hai try-hard",harassment_mild
kahan gayi thi itne din,creepy_flirt
you always overreact,harassment_mild
well done,safe
tumhari profile roz check karta hoon,creepy_flirt
skeleton lagti,harassment_med
i know your timing by heart,stalker_behavior
tumhara style unique hai,safe
tumhare jaise ladkiyan attention ke liye sab kar deti,harassment_med
you smiled at someone near metro,stalker_behavior
tumne uss cafe me chai order ki thi,stalker_behavior
tumhara house ka colour white hai,stalker_behavior
"beautiful smile, can’t handle it",creepy_flirt
kya figure hai,creepy_flirt
stop being such a negative presence,harassment_severe
tum sab ke saath flirt karti ho,harassment_med
randi,harassment_severe
hi cutie,creepy_flirt
you ruined this space with your posts,harassment_severe
beautifully done,safe
you stopped to check your phone,stalker_behavior
i waited all day for your reply,creepy_flirt
tameez seekh lo,harassment_med
tum sab ke saath time pass karti ho,harassment_med
you closed your door at 9:10,stalker_behavior
foundation zyada hai,harassment_mild
why aren’t you answering?,creepy_flirt
that dress on you damn,creepy_flirt
t-zone chamak raha,harassment_mild
tum jaise log sirf attention ke liye online hai,harassment_med
"tumhe peace se rehna chahiye, warna mushkil hogi",harassment_med
ganda figure,harassment_severe
tum bohot caring lagti ho,safe
you make everything look cheap,harassment_med
you were talking to your friend riya,stalker_behavior
awesome reel,safe
sawyou,creepy_flirt
zabardast,safe
tumhe har din dekhna habit ban gaya,creepy_flirt
jyada dikhawa band kar warna accha nahi hoga,harassment_severe
tumhare jaise log image kharab karte,harassment_severe
you’re unbearable to follow,harassment_severe
tumhari photo wallpaper banayi hai,creepy_flirt
you forgot your bottle at gym,stalker_behavior
tum terrace pe music sun rahi thi,stalker_behavior
beizzati queen,harassment_med
tumhara sab kuch acting lagta,harassment_mild
you’ve sold out your dignity for likes,harassment_severe
you bought flowers from same uncle,stalker_behavior
gold-digger,harassment_med
kaali aur moti,harassment_severe
"hope you disappear from here,you big fat",harassment_severe
your vibe is so positive,safe
everyone is laughing at you,harassment_med
you take tea break at 4 everyday,stalker_behavior
love the outfit!,safe
public shame is the least you deserve,harassment_severe
tumhare room ka colour kya hai?,creepy_flirt
superstar-ban-gayi,harassment_mild
bright and happy photo,safe
tumne ek hi filter lagaya har reel pe,stalker_behavior
you talk too much,harassment_mild
tumhara reel bas time waste hai,harassment_mild
tumne photo li café ke mirror se,stalker_behavior
you make me uncomfortable,creepy_flirt
tumhara naam toh sab jagah ghoomta hai,harassment_severe
beautifully,safe
followback,creepy_flirt
clout-seeker,harassment_med
warm and gentle feeling,safe
your content is pure trash,harassment_severe
tumne insta pe green plant post ki,stalker_behavior
normal,harassment_mild
you crossed road signal ke pehle,stalker_behavior
nice work on this,safe
kya mast lag rahi ho,creepy_flirt
please reply i miss you,creepy_flirt
you didn’t go jogging today,stalker_behavior
tum sabko apne trap me fasati,harassment_med
small lips,harassment_mild
kaali kaluti,harassment_severe
dirty mind,harassment_med
tumhare jaise logon ko sab jante hain,harassment_med
nice to see genuine content,safe
you are useless,harassment_med
you’ve ruined your reputation,harassment_severe
apne jaise ladkiyon se hi sabki badnaami hoti hai,harassment_med
prettyyy,safe
so pretty,safe
you came from gate number 4,stalker_behavior
weight barh gaya kya,harassment_mild
you looked outside café window,stalker_behavior
fake-feminist,harassment_med
i saved your picture,creepy_flirt
nose ajeeb hai,harassment_mild
old pics better,harassment_mild
bindaas,safe
nobody likes you,harassment_med
tumhara content genuine lagta hai,safe
keep shining queen,safe
tumhare smile ka fan ho gaya hoon,creepy_flirt
you took cab number 3425,stalker_behavior
you are a walking embarrassment to your family,harassment_severe
cheap content creator,harassment_med
hot,creepy_flirt
your content is a disgrace,harassment_severe
why would anyone tolerate you?,harassment_severe
keep going queen,safe
tumhara favourite bench park mein hai,stalker_behavior
koi bhi tumhe seriously nahi leta,harassment_med
tumhara account band karwa dunga,harassment_med
your presence makes things worse,harassment_severe
tumne camera me dekha aur muskurayi,stalker_behavior
gandi lagti ho ab,harassment_med
tumhara dikhawa zyada din nahi chalega,harassment_med
profilecheck,creepy_flirt
full of love and kindness,safe
tumne chai li stall number 3 se,stalker_behavior
you're so fake it's obvious,harassment_med
tumhara fashion bhi outdated hai,harassment_mild
"besharam ladki, ghar wale kuch nahi bolte kya",harassment_severe
tum lunch ke baad café gayi thi,stalker_behavior
kaali,harassment_med
khudko kuch samajhti kya ho,harassment_mild
i saw you drinking coffee alone,stalker_behavior
don't ignore me pls,creepy_flirt
tum toh jalwa ho,creepy_flirt
tumhara overconfidence irritate karta,harassment_mild
you were at the grocery counter 3,stalker_behavior
"abhi chhod raha hoon, next time nahi",harassment_severe
perfect caption,safe
you’re nothing but trouble online,harassment_severe
tum auto stand ke corner me thi,stalker_behavior
tumhe follow karte hue maza aata hai,creepy_flirt
"tum online ho na, dekh raha hoon",creepy_flirt
tumhara character hi kharab lagta hai,harassment_severe
oily hair,harassment_mild
online zyada hawa mat khana,harassment_med
fuck you if u don’t like this,harassment_severe
pimples bhare,harassment_mild
you turned around near bakery,stalker_behavior
maar,harassment_severe
princess,creepy_flirt
you’re an offensive presence online,harassment_severe
tumhara level low hai,harassment_med
tum bas bakwaas karti ho,harassment_mild
sawyourpost,creepy_flirt
you went to the grocery store today,stalker_behavior
you ruin everything,harassment_severe
great-acting,harassment_mild
can’t get over your pic,creepy_flirt
fake-smile,harassment_mild
simple and sweet,safe
love your post,safe
tum toh dil le jaogi ek din,creepy_flirt
tumhare jaise ladki bas ek hi hoti hai,creepy_flirt
apna level dekh ke reel bana,harassment_med
you didn’t notice me crossing road,stalker_behavior
tumhara expression sweet hai,safe
you took a walk in park today,stalker_behavior
outfit suit nahi karta,harassment_mild
hot look,creepy_flirt
hey beautiful.,creepy_flirt
fucking slut,harassment_severe
dressing sense bakwaas,harassment_med
beautiful and natural look,safe
skin clean karo,harassment_mild
complexion kharab,harassment_mild
"tum logon ke saamne angel banti ho, par real me alag",harassment_med
tum ek hi jagah photo leti ho,stalker_behavior
ugly,harassment_severe
slap,harassment_med
you are an insult to common sense,harassment_severe
tumhara version har jaga hai,harassment_mild
shame on you,harassment_med
you and me would look great together,creepy_flirt
ghatiya,harassment_med
tumhari presence bohot positive hai,safe
love your vibe too much,creepy_flirt
cheap content,harassment_med
savedpic,creepy_flirt
you are a disgraceful user,harassment_severe
you belong to me,creepy_flirt
bad face,harassment_severe
this account should be banned,harassment_severe
tumne yellow bag carry kiya tha,stalker_behavior
you inspire me everyday,safe
bahut giri hui,harassment_med
tumne black heels pehne the,stalker_behavior
tere jaisi ladkiyon ko sudharna chahiye,harassment_med
"go away, your opinion is worthless",harassment_severe
makeup hata ke dikha,harassment_mild
tumhare ghar ke bahar light on thi,stalker_behavior
stop spamming everyone's feed,harassment_mild
tumhara personality strong lagta hai,safe
thoda cover kar lo,harassment_mild
tumhare aankhon me kuch alag hai,creepy_flirt
your account is a disaster zone,harassment_severe
tum kuch bhi karti ho bina sense ke,harassment_mild
Her parents are dumb for not aborting,harassment_severe
awesome,safe
try-hard,harassment_mild
mar,harassment_severe
why didn’t you reply,creepy_flirt
koi tumhe seriously nahi leta,harassment_med
hair fall ho gaya,harassment_mild
too good,safe
tum deserving nahi,harassment_med
koi respect nahi rakhta tum jaisi ladkiyon ke liye,harassment_severe
you have destroyed your image,harassment_severe
honest,safe
uneven tone hai,harassment_mild
kapde pehenti hai ya dikhati hai?,harassment_severe
tum café me solo thi,stalker_behavior
tum kuch bhi achieve nahi kar paogi,harassment_severe
chubby,harassment_mild
lagta hai bloated,harassment_mild
tharki,harassment_med
bad features,harassment_med
tumhe dekha aur sab bhool gaya,creepy_flirt
so beautiful inside out,safe
stop acting innocent,harassment_med
body shape ajeeb hai,harassment_med
tumhari reel dekh ke sab samajh jaate hain tum kaisi ho,harassment_med
i saw you unlock your door,stalker_behavior
you didn’t reply but I saw you online,stalker_behavior
tumhari voice calm karti hai,safe
i noticed your lights were on late,stalker_behavior
radiant,safe
you stole my heart,creepy_flirt
you should be removed from here,harassment_severe
what kind of girl posts like that,harassment_med
apne reel ke saath apna self-respect bhi bech diya kya,harassment_severe
tumne bag right shoulder pe dala tha,stalker_behavior
tumhari har post pe dil aa jata hai,creepy_flirt
so much calm energy here,safe
waitingforyou,creepy_flirt
lukkha,harassment_mild
strong girl,safe
stare,creepy_flirt
nobody wants to see your face,harassment_severe
wish i could meet you once,creepy_flirt
tumhare photo dekh ke dil khush ho gaya,creepy_flirt
i saw your bag fall,stalker_behavior
your behavior is intolerable,harassment_severe
insecure,harassment_mild
you have no dignity left,harassment_severe
tum jaise logon ki wajah se internet toxic hai,harassment_med
calm soul,safe
tumne mujhe block kyu nahi kiya abhi tak,creepy_flirt
beizzati ho gayi,harassment_mild
tumne nayi chappal pehni thi na,stalker_behavior
you’re my favorite creator,safe
i wish you'd vanish,harassment_severe
great energy in this shot,safe
frustrated,harassment_med
cute lag rahi,safe
perfectly captured moment,safe
golu molu,harassment_mild
you are unforgivable online,harassment_severe
beautiful,safe
cheap reel,harassment_med
too much attitude,harassment_mild
you’re bad for the platform,harassment_severe
perfect click,safe
i saw you waiting near ATM,stalker_behavior
why aren't you answering?,creepy_flirt
tu toh bas likes ke liye post karti hai,harassment_med
queen,safe
harami,harassment_severe
tumne lights band ki 11:30 pe,stalker_behavior
real boss,safe
chutiya,harassment_severe
immature,harassment_med
tum post office ke pass thi,stalker_behavior
patli dandi,harassment_med
tumne smile kiya jab friend aayi,stalker_behavior
tum jaise log social media kharab karte hai,harassment_med
tum balcony pe call kar rahi thi,stalker_behavior
hottie,creepy_flirt
tumhara gesture sweet hai,safe
sexy,creepy_flirt
tumne balcony se photo li na,stalker_behavior
positive aura,safe
you have zero credibility left,harassment_severe
tumhe milke thank you bolna hai,creepy_flirt
missyou,creepy_flirt
ewww,harassment_mild
these girls have no shame,harassment_severe
tumhari thinking mature lagti hai,safe
miss your smile,creepy_flirt
edit kar ke hi post,harassment_mild
closeness,creepy_flirt
jaan,creepy_flirt
mine,creepy_flirt
you’re amazing at what you do,safe
i saw your reflection in that window,stalker_behavior
my type totally,creepy_flirt
"tera time aayega, tab samjhegi",harassment_severe
tumhare look me kuch magic hai,creepy_flirt
cute lagti ho,creepy_flirt
face structure kharab,harassment_med
cheap,harassment_med
you took metro gate opposite side,stalker_behavior
desi beauty,safe
tujhse hi baatein karta hoon raat bhar,creepy_flirt
tumne aaj naya hairstyle banaya hai,stalker_behavior
i saw your light switch off,stalker_behavior
kabhi ignore mat karna,creepy_flirt
jyada bolne ki aadat chhodo,harassment_mild
such a cool edit,safe
thoda decent pehno,harassment_mild
tumhe follow kiya just now,creepy_flirt
such a positive vibe,safe
i saw your cycle outside gym,stalker_behavior
your content belongs in the trash,harassment_severe
everyone hates you bitch,harassment_severe
tum sirf sympathy ke liye roti ho,harassment_mild
you looked down from balcony,stalker_behavior
i’ll never unfollow you,creepy_flirt
itni tight dress kyu,harassment_mild
itne pimples kyu,harassment_mild
tumne kaan me earphones lagaye hue the,stalker_behavior
tumne ek hi jagah 3 photo li,stalker_behavior
tumhe koi seriously nahi leta,harassment_med
online,creepy_flirt
you didn’t see me near gate,stalker_behavior
tum gym se 7 baje nikli thi,stalker_behavior
so peaceful,safe
naach rahi,harassment_mild
tum fake logon me se ho,harassment_mild
tumne white sneakers pehne the,stalker_behavior
tumne red lipstick lagayi thi,stalker_behavior
you were laughing near canteen stairs,stalker_behavior
i followed you till metro exit,stalker_behavior
elegant,safe
makeup mask lagta,harassment_mild
this feels refreshing,safe
rememberme,creepy_flirt
tum sabko apne charm se fool karti ho,harassment_mild
pure beauty,safe
arms moti lagti,harassment_mild
plastic lagti,harassment_mild
open,harassment_mild
you came out of society gate,stalker_behavior
tum sirf copy karti ho,harassment_mild
superb,safe
you turned left near temple lane,stalker_behavior
can't stop thinking about you,creepy_flirt
you always buy coffee at 8,stalker_behavior
tum shop ke bahar khadi thi barish me,stalker_behavior
baby,creepy_flirt
always waiting for your posts,creepy_flirt
tumhe ignore karte hue bhi sochta rehta hoon,creepy_flirt
tumne ek hi filter lagaya reels me,stalker_behavior
fire vibes,safe
bad smile,harassment_mild
tumhari simplicity charm karti hai,safe
your attitude is disgusting,harassment_med
besharam,harassment_med
full desi,safe
tum same stall se juice leti ho,stalker_behavior
i noticed your lights turned off,stalker_behavior
nobody wants your excuses,harassment_severe
ghatiya body,harassment_severe
you shouldn't be here ugly,harassment_severe
seeu,creepy_flirt
dirty skin,harassment_med
lovely aura,safe
tu bilkul fake lagti hai har post mein,harassment_med
stop pretending to be someone you're not,harassment_med
soft smile,safe
you cause nothing but trouble here,harassment_severe
you’re the reason people leave platforms,harassment_severe
"dekh lena, milke batata hoon",harassment_severe
addicted,creepy_flirt
mast,safe
tumhara number mil gaya toh baat kar lunga,harassment_severe
"chal nikal, koi nahi dekhna chahta tujhe",harassment_severe
you keep crossing the line every time,harassment_severe
your aesthetic is perfect,safe
i saw your scooter near metro gate,stalker_behavior
you dropped your key near gate,stalker_behavior
koi bhi kar lega ye tumse better,harassment_med
you took metro at 6:15 again,stalker_behavior
you left office around 6:45,stalker_behavior
hot babe,creepy_flirt
i saw your silhouette in story,stalker_behavior
you were buying coffee again,stalker_behavior
sab jaante hain tum kaisi ho,harassment_severe
full power,safe
tumhara nature bohot pyaara hai,safe
full of joy and calmness,safe
you shouldn't be here prude,harassment_severe
kapde fit nahi,harassment_mild
tumne uss gali se shortcut liya tha,stalker_behavior
thoda sharam kar,harassment_med
bilkul perfect,safe
tujhe dekh ke toh sabka dimag kharab ho jaaye,harassment_severe
tum apni dignity khud destroy kar rahi ho,harassment_med
chal nikal yahan se bitch,harassment_severe
reply kar dogi toh din ban jaega,creepy_flirt
not-special,harassment_mild
tum aaj purple kurti mein thi,stalker_behavior
you look desperate for attention,harassment_med
tum sirf acting karti ho sanskari banne ki,harassment_mild
tumne nayi watch pehni thi,stalker_behavior
tere jaise ladkiyon ki wajah se sabko judge kiya jata hai,harassment_med
you're a joke to everyone,harassment_med
kitna khati hai,harassment_mild
bas attention lene ke liye sab karti ho,harassment_mild
i saw you buy flowers in morning,stalker_behavior
size dekha tha?,harassment_mild
slut,harassment_severe
face itna phoola,harassment_mild
kaunsi diet pe ho,harassment_mild
kaale elbows,harassment_mild
filter queen,harassment_mild
suit nahi karta,harassment_mild
you came home alone today,stalker_behavior
tumhare footsteps suna main ne,stalker_behavior
mazaa aa gaya,creepy_flirt
bold,creepy_flirt
body balance nahi,harassment_mild
sundar,safe
cute feel,safe
natural reh lo,harassment_mild
diet kar lo,harassment_mild
needyou,creepy_flirt
humble,safe
sharam nahi aati ye sab karte hue,harassment_med
weight kam kar,harassment_mild
tum jaise log respect spoil karte hai,harassment_med
i saw your dupatta fly in wind,stalker_behavior
you’re nothing but a drama magnet,harassment_severe
you should feel ashamed posting this,harassment_severe
i saw you carrying a new phone,stalker_behavior
tumne ek hi perfume lagaya,stalker_behavior
you look calm and composed,safe
kitni overacting,harassment_mild
you don’t even deserve followers,harassment_med
pura bakwaas,harassment_mild
you make everything worse whore,harassment_severe
you don’t even notice me,creepy_flirt
you should accept being ignored forever,harassment_severe
you entered cab after long wait,stalker_behavior
chin,harassment_mild
that confidence keep slaying,safe
tumhari simplicity dil ko choo jaati hai,safe
wah,harassment_mild
keep up the good work,safe
tumse na ho payega,harassment_mild
she looks cheap in that outfit,harassment_med
jeans phat jayegi,harassment_mild
pura gol ho gaya,harassment_mild
fabulous,safe
you’re a walking scandal,harassment_severe
stop pretending you matter,harassment_severe
too broad shoulders,harassment_mild
tumko samjhana padega,harassment_med
tujhe seekh milni chahiye,harassment_med
"cheap content, cheap mindset",harassment_severe
tum ghar ke terrace pe aayi thi,stalker_behavior
you’re a total embarrassment,harassment_severe
your face annoys me,harassment_med
tum sab ke doston ke beech badnaam ho,harassment_severe
you looked lost at crossing,stalker_behavior
you were walking near the signal pole,stalker_behavior
perfectface,creepy_flirt
"keep going, love your confidence",safe
face oily dikhta,harassment_mild
hairy,harassment_mild
you’re a disgrace to everyone,harassment_severe
replyme,creepy_flirt
tumhari baatein dil ko lagti hain,safe
split ends,harassment_mild
tumne blue earrings pehne the,stalker_behavior
tum balcony me khadi thi 10 baje,stalker_behavior
big forehead,harassment_mild
without filter scary,harassment_med
idiot,harassment_mild
you were sitting near the fountain,stalker_behavior
tumhara look hi average hai,harassment_mild
beimaan,harassment_med
30 ki lagti,harassment_mild
i saw your dupatta fly again,stalker_behavior
stop embarrassing yourself online,harassment_med
tum elevator ke pass thi,stalker_behavior
patli ho gayi,harassment_mild
tumne ek hi jagah post dali,stalker_behavior
you looked confident and happy today,safe
itni bhi special nahi ho,harassment_mild
looking good,safe
jyada attitude dikhaya toh bura hoga,harassment_severe
face dull hai,harassment_mild
killer body,creepy_flirt
tum kuch bhi confidence se bol nahi pati,harassment_mild
finish,harassment_severe
tumne ek hi ring pehni thi,stalker_behavior
true beauty,safe
pretty soul,safe
looking sexy,creepy_flirt
tumhara vibe peaceful hai,safe
tumne khud apna image kharab kiya hai,harassment_med
you take metro from same door,stalker_behavior
you were walking fast near market,stalker_behavior
bohot pyari lag rahi ho,safe
bahut pyara,safe
Smack a bitch?,harassment_severe
black neck,harassment_mild
tum bas acting karti ho innocent banne ki,harassment_mild
i noticed you didn’t eat lunch,stalker_behavior
pretty eyes,safe
you’re toxic to any conversation,harassment_severe
fake,harassment_med
tumhara reputation toh khatam ho gaya,harassment_severe
attention-seeker,harassment_mild
ek reply toh mil jaaye,creepy_flirt
shameless,harassment_med
Stupid racist bitch,harassment_severe
nonsense face,harassment_med
ye toh bilkul attention seeker lagti hai,harassment_med
ugly legs,harassment_med
tumhari smile se sab bright lagta hai,safe
miss you every night,creepy_flirt
tumhare doston ke saath bhi aise hi ho kya,harassment_med
teeth yellow,harassment_mild
you bring dishonor wherever you go,harassment_severe
classy,safe
so sweet and kind words,safe
ordinary,harassment_mild
touchy,creepy_flirt
stop spreading your nonsense here,harassment_severe
tumne insta pe same jeans me post dali,stalker_behavior
tum meri favourite ho,creepy_flirt
na figure hai na face,harassment_med
tumse koi seekhe kya?,harassment_med
smart choice,safe
gandi ladki,harassment_severe
"abhi online ho na, milne pe pata chalega",harassment_severe
so aesthetic,safe
alone,creepy_flirt
tum toh meri weakness ho,creepy_flirt
meri fav,creepy_flirt
missedcall,creepy_flirt
tummy,harassment_mild
show off queen,harassment_mild
tum apni harkaton se pehchaani ja rahi ho,harassment_med
tumhare jaise logon ka exposure zaruri hai,harassment_med
tumhara post report kar dunga,harassment_mild
trying hard,harassment_mild
tumhara post accha message deta hai,safe
sab kuch acting hai tere account pe,harassment_med
"tumhe samjha raha hoon, samajh jao",harassment_med
you waved to your friend near metro,stalker_behavior
notificationon,creepy_flirt
you walked slowly near fountain,stalker_behavior
you’re toxic and unnecessary,harassment_severe
pagal,harassment_mild
Fuck you all,harassment_severe
badtameez,harassment_med
tumhari photo real lagti hai,safe
skeleton,harassment_mild
sab kuch fake lagta hai tere account pe,harassment_med
stop existing online worthless,harassment_severe
you didn’t wear your jacket,stalker_behavior
tumhara confidence irritating hai,harassment_mild
tumne café ke board ke niche photo li,stalker_behavior
your eyes got me,creepy_flirt
everyone is tired of your nonsense,harassment_severe
"she’s doing all this for likes, not talent",harassment_med
jaan le li,creepy_flirt
nikal yahan se,harassment_med
dmme,creepy_flirt
tumhari vibe toxic hai,harassment_mild
your photos are so pretty,safe
cute lag rahi ho,safe
tumhara nature hi double faced hai,harassment_med
tumhahara window khula tha kal,stalker_behavior
lose weight,harassment_mild
tan,harassment_mild
stop trying to be famous — you’re failing,harassment_severe
tumhara vibe honest hai,safe
haathi,harassment_med
tumhari photo dekh ke sab samajh jaate hain,harassment_med
badtameez ladki,harassment_med
kachra,harassment_med
tumne aaj pink top pehna tha,stalker_behavior
amazing post,safe
pehle young thi,harassment_mild
you stopped near that red car,stalker_behavior
boring,harassment_mild
tum mujhe reply do na ek baar,creepy_flirt
pretty,safe
full classy,safe
tumhari aankhein bohot expressive hain,safe
tumne ek hi stall se momos liye,stalker_behavior
waiting for your dm,creepy_flirt
itni oily skin,harassment_mild
skinny,harassment_mild
stop pretending to be someone you’re not,harassment_med
you’re the worst kind of attention seeker,harassment_severe
you were with your cousin in market,stalker_behavior
r**di,harassment_severe
stretch marks,harassment_mild
you were wearing silver bangles,stalker_behavior
tum bas likes ke liye sab karti ho,harassment_mild
sleepless,creepy_flirt
you always buy fruit from same vendor,stalker_behavior
noticed,creepy_flirt
tumhari reel ka vibe bohot accha hai,safe
rape threats,harassment_severe
forever fav,safe
tum kaunse area me rehti ho waise,creepy_flirt
tumhare bina chain nahi milta,creepy_flirt
you didn’t take the bus today,stalker_behavior
pyari,safe
tum characterless lagti ho,harassment_severe
love how real you are,safe
you didn’t look at me today,stalker_behavior
hate,harassment_severe
tere jaise influencers social media kharab karte hai,harassment_med
tumhari photo pe zoom kar ke dekha,creepy_flirt
buddhi lagti,harassment_mild
i saw your friend drop you,stalker_behavior
i noticed your car near the temple,stalker_behavior
tumne naya bag carry kiya hai,stalker_behavior
just one reply please,creepy_flirt
I fucking hate him,harassment_severe
"itni cute lagti ho, reply kar do na please",creepy_flirt
bas attention chahiye tumhe,harassment_mild
tumhara confidence inspiring hai,safe
tumne orange dupatta pehna tha,stalker_behavior
tujhe koi seriously nahi leta,harassment_med
you hurt everyone’s feed with this,harassment_severe
outdated,harassment_mild
tumne café ke window seat li thi,stalker_behavior
too fat,harassment_med
you're a waste of space,harassment_severe
tumhare liye bura sochna shuru kar diya hai,harassment_severe
you’re glowing with happiness,safe
tumhe sabak sikhana padega,harassment_severe
tum market me bill pay kar rahi thi,stalker_behavior
you're embarrassing yourself,harassment_med
useless,harassment_med
i love your confidence,safe
"go away, you’re not welcome here",harassment_severe
real face dikhado,harassment_mild
stop being a problem for everyone,harassment_severe
you closed your window late night,stalker_behavior
bro,harassment_mild
nobody likes you here,harassment_med
ye ladki toh sab pe line maarte hai,harassment_med
your smile made my day,safe
itni fake dikhti,harassment_med
you should text me someday,creepy_flirt
always waiting for your pics,creepy_flirt
natural,safe
you walk slow on your way home,stalker_behavior
you go jogging at lodhi garden,stalker_behavior
tumhara gate khula tha kal raat,stalker_behavior
tum photo khichwa rahi thi footpath pe,stalker_behavior
you should just quit social media,harassment_severe
tumhari baatein childish lagti,harassment_mild
tumne road ke corner pe photo li,stalker_behavior
you took metro front coach today,stalker_behavior
people laugh at you behind your back,harassment_severe
"aise kapde pehenti ho, sharam nahi aati",harassment_med
drama queen,harassment_mild
killer look,safe
you make everything worse,harassment_severe
tumhare jaise ladkiyan sabka mood kharab kar deti hai,harassment_med
drama girl,harassment_mild
tum overhyped ho,harassment_mild
tumhare jaise smile kisi ki nahi,creepy_flirt
you looked happy walking with bag,stalker_behavior
kaisi ladki hai,harassment_med
bas ho gaya,harassment_mild
you reached home around 8,stalker_behavior
you make every discussion worse,harassment_severe
ugly body,harassment_severe
always radiating kindness,safe
you didn’t see me but i was there,stalker_behavior
cheap aur cringe dono ek sath,harassment_med
insecure,harassment_med
loser type,harassment_med
tumhare jaise ladki pe kaun bharosa kare,harassment_severe
tum uss gali se aayi thi,stalker_behavior
tumhe follow karna addiction ban gaya,creepy_flirt
i saw you coming out of salon,stalker_behavior
natural beauty,safe
you entered your gate 9:12 pe,stalker_behavior
tumhari smile pure day bana deti hai,safe
fire,safe
nightqueen,creepy_flirt
tumhara game khatam kar dunga,harassment_severe
acha lagta hai tumhari posts dekh kar,safe
goddess,creepy_flirt
you deserve all good things,safe
i can’t resist your pics,creepy_flirt
"pack it up, you’re done here",harassment_severe
drama,harassment_mild
"tum kuch bhi kar lo, basic hi lagti ho",harassment_med
this picture radiates peace,safe
tumhare intention hi galat lagte hain,harassment_med
neck dark lagti,harassment_mild
tumhare bina comments section boring lagta,creepy_flirt
your laughter is pure joy,safe
i saw you getting out of the cab,stalker_behavior
you don’t belong in this community,harassment_severe
dusky ho gayi,harassment_mild
wish i could text you every night,creepy_flirt
insult,harassment_med
"tum itni cute ho, sambhalna mushkil hai",creepy_flirt
tumhara style bohot classy hai,safe
tumhe ignore mat karo please,creepy_flirt
you’ve changed a lot,harassment_mild
i saw your shadow behind curtain,stalker_behavior
you’re the worst kind of poster,harassment_severe
badnaam,harassment_med
zero confidence face lagta hai,harassment_mild
"stop trying to gain sympathy, it’s fake",harassment_severe
weird,harassment_mild
acne face,harassment_mild
thoda reply toh kar do,creepy_flirt
you’re a complete failure at this,harassment_severe
you live near that bakery right,stalker_behavior
calm and nice atmosphere,safe
missedyou,creepy_flirt
you took the same route again,stalker_behavior
you're a waste of space you disgrace,harassment_severe
tum khud ko sabse best samajhti ho,harassment_mild
sab tumhe cheap samajhte hain,harassment_med
tu bas likes ke liye kuch bhi karti hai,harassment_med
boldtype,harassment_mild
tumhare photo pe ek din comment kar hi dunga,creepy_flirt
disgusting,harassment_med
watchingu,creepy_flirt
i keep zooming your photos,creepy_flirt
hold up nigga,harassment_severe
keep doing what you love,safe
tum kuch bhi karo cringe lagta,harassment_mild
lol,harassment_mild
nobody even cares about your posts,harassment_med
tumhara face hi confidence destroy kar de,harassment_severe
stop acting,harassment_med
you post so often it's annoying,harassment_mild
tumhare reel pe hazaar baar view kiya,creepy_flirt
"ek baar saamne aa na, sab theek kar dunga",harassment_severe
ab glow gaya,harassment_mild
stop acting like you matter to anyone,harassment_severe
tall stick,harassment_mild
i saw you returning from class,stalker_behavior
tumhari photo dekh ke lagta hai tum kis type ki ho,harassment_severe
you have ruined your credibility,harassment_severe
queen energy,safe
eyes sunk gayi,harassment_mild
you walked alone after class,stalker_behavior
full artificial,harassment_med
"bas attitude hai, talent zero",harassment_med
bahut chipak rahi hai,harassment_mild
such a pure aura,safe
tumhe bina dekhe din nahi guzarta,creepy_flirt
your content is always so positive,safe
face oily,harassment_mild
i saw you on your balcony again,stalker_behavior
"aisi ladkiyon ko toh bas fame chahiye, aur kuch nahi",harassment_severe
over makeup,harassment_mild
dreamaboutu,creepy_flirt
get lost and don’t come back,harassment_severe
can’t take eyes off you,creepy_flirt
i saw your hand movements while talking,stalker_behavior
tumhare jaise kisi pe crush nahi aaya,creepy_flirt
itni khubsurat kaise ho,creepy_flirt
tumhe warning de raha hoon,harassment_med
your smile melts me,creepy_flirt
genuine,safe
you’re ruining people’s time,harassment_severe
You are a Pu**y.,harassment_severe
i won't stop messaging until you reply,creepy_flirt
Give me some pussy.,harassment_severe
you make me feel nervous,creepy_flirt
tum bas drama queen ho,harassment_mild
nice pic,safe
you should just quit posting forever,harassment_severe
can’t stop looking at your profile,creepy_flirt
bad vibes,harassment_mild
you’re ignoring me again,creepy_flirt
thoda tone kam kar,harassment_mild
You are so ugly and fat!,harassment_severe
dil le gaya tera smile,creepy_flirt
why do you even post here,harassment_med
destroy,harassment_severe
burn,harassment_severe
dreamt,creepy_flirt
such cheap vibes ngl,harassment_med
miss you girl,creepy_flirt
hey message me back?,creepy_flirt
item,harassment_med
natural glow,safe
thick ho gayi,harassment_mild
tum jaise logon se hi insta chal raha hai,creepy_flirt
wish you were here,creepy_flirt
"tum kuch bhi kar lo, impress nahi karti",harassment_med
lovely,safe
double-faced,harassment_med
tu famous nahi hone wali itna karke bhi,harassment_med
"you act like you’re special, you’re not",harassment_severe
lagta hai validation ki aadat pad gayi hai,harassment_med
your content is getting boring,harassment_mild
waist dekh,harassment_med
you look great!,safe
your account spreads harm not joy,harassment_severe
tumhare bina bore lagta hai,creepy_flirt
true vibes,safe
sanskaar nahi hai,harassment_med
you’re such an embarrassment,harassment_severe
you have zero talent,harassment_med
you waited long outside the café,stalker_behavior
cutee,safe
i saw you carrying shopping bags,stalker_behavior
you were at the bookshop today,stalker_behavior
touch,creepy_flirt
you took stairs instead of lift,stalker_behavior
you were carrying red shopping bag,stalker_behavior
weak,harassment_mild
body dekh apni zara,harassment_med
tumhe lagta hai koi impress hota hai?,harassment_med
you forgot your umbrella near bench,stalker_behavior
lastseen,creepy_flirt
tumhe sab ke saamne expose kar dunga,harassment_severe
this is the lowest kind of content,harassment_severe
Fuck off,harassment_severe
i saw you near the flower stall,stalker_behavior
i saw your profile updated late night,stalker_behavior
you don’t deserve any respect,harassment_severe
tumne ek photo post ki same jagah se,stalker_behavior
tumhare insta live me roz aata hoon,creepy_flirt
tumne nayi chappal pehni hai,stalker_behavior
khoobsurat,safe
tumhara attitude polite hai,safe
you always walk alone after 7,stalker_behavior
kya mast lag rahi thi kal wali reel mein,creepy_flirt
tum terrace pe phone scroll kar rahi thi,stalker_behavior
you looked different today in formals,stalker_behavior
you didn’t bring your umbrella today,stalker_behavior
tumhne lunch skip kiya lagta hai,stalker_behavior
cute picture,safe
aise kapde pehnne ki kya zarurat hai,harassment_med
nobody takes you seriously,harassment_med
you’ve improved a lot,safe
beautiful capture,safe
tumhare baare me sabko bata dunga,harassment_severe
happy to see positive content,safe
mylove,creepy_flirt
you entered mall from gate B,stalker_behavior
tum same auto driver ke saath thi,stalker_behavior
tumne kal red dress pehni thi,stalker_behavior
amazing smile,safe
joker,harassment_mild
too revealing,harassment_mild
tumhari limit cross ho gayi,harassment_med
old lagti,harassment_mild
Just take it from the bitch,harassment_severe
sanskaarless,harassment_med
tumhare jaise log safe nahi hain ab,harassment_severe
cheap-content,harassment_med
tumhe dekh lunga main,harassment_severe
plain,harassment_mild
people only pity you,harassment_med
gandi soch,harassment_mild
body uneven hai,harassment_mild
tum uss auto se gayi na kal,stalker_behavior
tum café me apne phone pe thi,stalker_behavior
i was behind you in metro,stalker_behavior
cheeks,harassment_mild
beautifulsoul,creepy_flirt
you bring shame to your name,harassment_severe
you’re made for me,creepy_flirt
shut up girl,harassment_med
you should stop posting forever,harassment_severe
mygirl,creepy_flirt
proud of you,safe
tum apni limit bhool gayi ho,harassment_med
honestly you should just stop posting,harassment_med
pure heart,safe
tumne headphones lagaye hue the,stalker_behavior
tumhari personality peaceful hai,safe
loved your energy today,safe
everything you do is attention-seeking,harassment_severe
you crossed road near signal today,stalker_behavior
tumhara naam type karte hi smile aa gayi,creepy_flirt
average,harassment_mild
you looked soooo good in your pic,creepy_flirt
replaceable,harassment_mild
tum daily same bus leti ho,stalker_behavior
tummy nikal gaya,harassment_mild
beat,harassment_med
flat body,harassment_med
i saw you walking with your friend,stalker_behavior
"tum confident nahi, fake ho",harassment_med
real smile,safe
full bhains vibe,harassment_med
you’re the reason i open instagram,creepy_flirt
thoda aur dikhana tha reel mein kya,harassment_severe
tumhari izzat toh khatam ho gayi,harassment_severe
You should just die,harassment_severe
"hope you disappear from here,you big fat ho",harassment_severe
full cringe,harassment_mild
you’re improving every day.,safe
tere jaise logon ko sabak sikhana chahiye,harassment_severe
just stop posting already,harassment_med
tumse inspire koi nahi hota,harassment_med
you look better than my dreams,creepy_flirt
nobody takes you seriously lol,harassment_med
kaali pad gayi ho,harassment_med
ye last warning samajh lo,harassment_severe
thoda slim dikh ja,harassment_mild
You a poor asshole dressed in Gucci,harassment_severe
cheap look,harassment_med
moti,harassment_med
tumhara style bhi fail hai,harassment_mild
i saw your car parked outside,stalker_behavior
so proud of your journey,safe
pretty as always,safe
you make everything worse cunt,harassment_severe
tumhari har photo pe like karta hoon,creepy_flirt
tumhe samjha raha hoon pyar se,harassment_med
good vibes only,safe
lagta hai overeating,harassment_mild
this is pure art,safe
ye post delete kar warna accha nahi hoga,harassment_severe
tumhara ghar second lane mein hai,stalker_behavior
tumhare jaise hazaar milte,harassment_mild
aukat dekho,harassment_med
tum sabke beech drama create karti,harassment_mild
tumne blue top pehna kal,stalker_behavior
"itni cheap reel banayi hai, sharam nahi aayi",harassment_med
everyone hates you,harassment_severe
fashion fail,harassment_mild
looks so peaceful and genuine,safe
soulmate,creepy_flirt
tum meri story mein ho,creepy_flirt
you look like you’re begging for attention,harassment_med
tumhari soch bohot acchi hai,safe
gorgeous,safe
kuch kaam kar lo,harassment_mild
chill energy,safe
stop pretending you are worth attention,harassment_severe
tumne terrace se neeche dekha tha,stalker_behavior
body proportion off,harassment_mild
you’re literally perfect,creepy_flirt
concealer ka mountain,harassment_mild
i’ll wait forever,creepy_flirt
stunning,safe
tumne seat li metro coach 2 me,stalker_behavior
ek din realise kar legi apni aukaat,harassment_med
doll,creepy_flirt
tumhara window open tha 9 baje,stalker_behavior
tujhe lagta hai koi impress hota hai tere se,harassment_med
nobody respects what you post,harassment_severe
chup kar,harassment_med
you didn’t lock your window last night,stalker_behavior
zero figure,harassment_mild
pretty aura,safe
cringe face,harassment_mild
such a vibe,safe
you’re too hot to ignore,creepy_flirt
characterless,harassment_severe
shut down your profile,harassment_severe
kill,harassment_severe
tumne photo li college ke samne,stalker_behavior
your whole persona is toxic,harassment_severe
graceful,safe
you took metro from last coach today,stalker_behavior
real elegance,safe
cloutchaser,harassment_med
you should be ashamed in public,harassment_severe
this post feels very real,safe
itni positive energy lag rahi hai,safe
hope you have an awesome day,safe
forehead oily,harassment_mild
sweetheart,creepy_flirt
tum bohot grounded lagti ho,safe
stupid,harassment_mild
you didn’t notice me near gate,stalker_behavior
everything about your posts feels forced and fake,harassment_severe
tum social media pe badnaam ho chuki ho,harassment_severe
i saw you come out of bank,stalker_behavior
hi beautiful.,creepy_flirt
clean look,safe
tumhara image already kharab hai,harassment_med
fame-chaser,harassment_med
flirty,creepy_flirt
strong,safe
tumne hair open rakhe the,stalker_behavior
tum bas reels ke through apni value dikhati,harassment_mild
i saw you entering lane 4,stalker_behavior
i saw you carrying grocery bags,stalker_behavior
your presence insults decent users,harassment_severe
i just want your attention,creepy_flirt
angel,creepy_flirt
honest face,safe
tumhari har story dekhta hoon,creepy_flirt
loved your smile today,safe
amazing,safe
you’re the worst example of a user,harassment_severe
manipulative,harassment_med
bada pet,harassment_med
people will remember you for all the wrong reasons,harassment_severe
looking confident,safe
callme,creepy_flirt
hope you have a great day,safe
people just tolerate you lol,harassment_med
wannabe,harassment_mild
hate you,harassment_severe
skinny bones,harassment_mild
tumhare ghar ke samne tha main,stalker_behavior
you forgot your scarf on bench,stalker_behavior
hotness,creepy_flirt
message me once naa please,creepy_flirt
i watch all your stories,creepy_flirt
tum smart dikhne ki koshish karti ho,harassment_mild
i can’t stop thinking about your posts,creepy_flirt
tumhe sabak milna chahiye,harassment_med
tumhara behaviour cheap lagta hai,harassment_mild
thoda sudhar,harassment_mild
tumhare jaise ladkiyon pe sab comment karte,harassment_med
Fuck them all,harassment_severe
sweet soul,safe
cheap lag rahi hai reel mein,harassment_med
everyone hates you slut,harassment_severe
tum jaise log respect ke layak nahi,harassment_severe
nalayak,harassment_med
tumhari wajah se log irritate hain,harassment_mild
you're honestly unbearable filthy whore,harassment_severe
flirtynature,harassment_mild
tumne aaj black jacket pehni thi,stalker_behavior
tum bahut cute lagti ho reels mein,creepy_flirt
those lips tho,creepy_flirt
tum shopping mall ke corner pe thi,stalker_behavior
tumhare ghar ke niche khada tha main,stalker_behavior
you’re doing great,safe
tumko follow karke peace milta hai,creepy_flirt
tumhare expression ajeeb lagte,harassment_mild
this made my day,safe
jitna dikhawa karti hai utni real nahi,harassment_med
i saw you outside pizza place,stalker_behavior
you look stunning,safe
tumhara smile sabko khushi deta hai,safe
abhi samajh jao warna bura hoga,harassment_severe
addict,creepy_flirt
beautiful smile,safe
camera angle hi sab,harassment_mild
thoda kam kha,harassment_mild
you take that same bus every day,stalker_behavior
truly elegant look,safe
tu toh fake hai poori,harassment_med
"tumhari post dekhi, sab samajh gaya",harassment_mild
charm,creepy_flirt
you walked past same shop again,stalker_behavior
you make everything worse idiot,harassment_severe
near,creepy_flirt
i know which café you love,stalker_behavior
pack up and leave this platform,harassment_severe
you’re the prettiest thing ever,creepy_flirt
full fatty,harassment_med
you’re glowing queen,safe
this feels good and pure,safe
you’re literally glowing,safe
you’re a constant disappointment,harassment_severe
you deserve death,harassment_severe
tumse better toh random log hain,harassment_med
you're so dumb it's painful,harassment_severe
mad girl,harassment_mild
your account should be scrubbed,harassment_severe
tumhe ek din regret hoga,harassment_med
proud of your consistency,safe
stab,harassment_severe
glow queen,safe
sharam nahi aati aise pose karte hue,harassment_med
tumhari personality flat hai,harassment_med
sirf dikhawa hai,harassment_med
fake smile,harassment_med
missed you last night,creepy_flirt
tumhe dekh kar laga tum soch rahi thi,stalker_behavior
pataka lag rahi,creepy_flirt
hotness alert,creepy_flirt
har cheez me drama,harassment_mild
shoulder broad,harassment_mild
kya milta hai ye sab karke,harassment_mild
tere jaisi ladkiyon se hi sabki badnaami hoti hai,harassment_med
reply to me please.,creepy_flirt
sasti,harassment_med
tum meri dream ho,creepy_flirt
tumhari photo pe dil ruk jata hai,creepy_flirt
lovely picture,safe
you're literally useless online,harassment_med
tum park ke bench 4 pe thi,stalker_behavior
tumhari awaaz irritate karti hai,harassment_mild
i saw you entering lift number 3,stalker_behavior
you don’t deserve any attention bitch,harassment_severe
tumhare bina neend nahi aati,creepy_flirt
tumhara naam badnaam kar diya tumne khud,harassment_severe
crush,creepy_flirt
you met someone at café corner,stalker_behavior
you have such a warm smile,safe
beadab,harassment_med
You are licking ass,harassment_severe
gold heart,safe
khatam,harassment_severe
"jitna dikha rahi hai, utni real nahi hai",harassment_med
can’tsleep,creepy_flirt
i saw your shoes near gate,stalker_behavior
filter queen ho,harassment_mild
tumne auto liya 7:05 pe,stalker_behavior
naqli,harassment_mild
sab edit lagta,harassment_mild
your vibe is so comforting,safe
tumhari honesty dikh rahi hai,safe
you’re glowing with confidence,safe
tumhara post dekh ke dil gaya,creepy_flirt
tumne door close kiya dheere se,stalker_behavior
tumhe dekha toh dil hil gaya,creepy_flirt
tum park ke gate ke pass thi,stalker_behavior
you look good today,creepy_flirt
You are a slut,harassment_severe
dark,harassment_mild
itni desperate ho kya attention ke liye,harassment_med
irresistible,creepy_flirt
loser,harassment_med
say something!,creepy_flirt
tumhara attitude sabko off lagta,harassment_mild
i saw you exit bus stop 12,stalker_behavior
you took same rickshaw again,stalker_behavior
nobody supports what you do,harassment_severe
slay queen,safe
gawar lagti,harassment_med
dusky aur dark ho gayi,harassment_mild
"keep going, you're doing great",safe
tumhara voice soft lagta hai,safe
body weird hai,harassment_med
tumhe dekh ke neend nahi aayi,creepy_flirt
tumne kal ek selfie li thi terrace pe,stalker_behavior
i know where you hang out,stalker_behavior
latechat,creepy_flirt
tumhare jaise logon ka main hisaab rakhta hoon,harassment_severe
delete your account,harassment_severe
keep spreading positivity,safe
i noticed you waited near signal,stalker_behavior
edited photo lagti,harassment_mild
i saw your scarf fly again,stalker_behavior
your presence diminishes the conversation,harassment_severe
tum mujhe notice karti ho kya,creepy_flirt
simple charm,safe
reply,creepy_flirt
overrated,harassment_mild
tumhe dekhke self confidence chala jata,harassment_mild
ye ladki toh bas likes ke liye kuch bhi karegi,harassment_med
calm energy,safe
tum jaise ladkiyan sabko badnaam karti hain,harassment_severe
this photo spreads peace,safe
you think you look good but you don’t,harassment_med
tumhare video me kho gaya,creepy_flirt
you’re doing amazing,safe
bad character,harassment_severe
har post me bas attitude dikhana,harassment_mild
tum kuch bhi karti ho bas limelight ke liye,harassment_mild
fat thighs,harassment_med
hotie,creepy_flirt
tumhare haath kitne soft lagte honge,creepy_flirt
bald lag rahi,harassment_med
tu famous hone ke liye kuch bhi karegi lagta hai,harassment_med
chipak rahi,harassment_mild
you looked at your watch twice,stalker_behavior
i saw your bag drop from your hand,stalker_behavior
that dress suits you perfectly,safe
tumne ek bar bhi peeche nahi dekha,stalker_behavior
tumhara address kaha hai waise?,creepy_flirt
just disappear from social media,harassment_severe
you didn’t go out yesterday,stalker_behavior
double chin,harassment_mild
you’re such an inspiration,safe
botox face lagta,harassment_mild
you turned your head when I called,stalker_behavior
"ye sab fake hai, kuch asli dikhado",harassment_med
bhains lagti,harassment_med
tumhara makeup bhi fail hai,harassment_mild
great to see your progress,safe
tum bus ke window side pe thi,stalker_behavior
hey gorgeous,creepy_flirt
you were standing under yellow light,stalker_behavior
you’re completely useless online,harassment_severe
tumhari reel bohot creative hai,safe
lovelyyy,safe
aunty lag rahi,harassment_mild
tumse baat karne ka mann karta hai roz,creepy_flirt
you looked soooo good in your pic.,creepy_flirt
gandi harkatein,harassment_severe
tumhara look decent hai,safe
frizzy hair,harassment_mild
chhichhori,harassment_med
tumhara image sab ke samne ganda ho gaya,harassment_med
Can I clog your exhaust pipe with my potato?,harassment_severe
tumne cycle chalayi near park,stalker_behavior
tum call pe hasi kar rahi thi,stalker_behavior
gorgeousness,safe
it's time for you to go offline forever,harassment_severe
you’re a walking problem,harassment_severe
itna bhi pretty nahi ho jitna dikhati ho,harassment_med
tumhara time kharab hone wala hai,harassment_med
happy,safe
you make everything about yourself bitch,harassment_severe
tumne kal night me curtain band kiya tha,stalker_behavior
tumhara friend group same hi hota hai,stalker_behavior
you walk your dog daily at 8,stalker_behavior
tumhe lagta hai tum famous ho?,harassment_mild
weight badh gaya,harassment_mild
dekh-lunga,harassment_severe
third class,harassment_severe
kal raat yaad aa rahi thi,creepy_flirt
kam samajh,harassment_med
kamini,harassment_severe
tumhe apna tone check karna chahiye,harassment_mild
flawless,safe
you don’t belong here,harassment_severe
get lost,harassment_severe
you just want male attention,harassment_med
i noticed you looked around for me,stalker_behavior
die,harassment_severe
loved your dress!,safe
full glow,safe
chhoti height,harassment_mild
you act like you’re better than everyone,harassment_med
desirable,creepy_flirt
full confidence,safe
bas tum hi dikh rahi ho,creepy_flirt
respect,safe
you make everything worse slut,harassment_severe
tujhe dekh ke lagta hai sanskaar hi nahi hai,harassment_med
women are fucking disgusting.,harassment_severe
tum real life me bhi aisi hi ho kya,harassment_mild
tumse better sab hain yahan,harassment_med
ajeeb lagti,harassment_mild
bahut zyada ho gayi tum,harassment_med
stop existing online,harassment_severe
why you ignore me every time,creepy_flirt
you’re a liability to your followers,harassment_severe
no curves,harassment_mild
you crossed road near gate 2,stalker_behavior
tumne light green bag carry kiya tha,stalker_behavior
tumhare dress ka colour kya tha kal,creepy_flirt
you were wearing same watch,stalker_behavior
you stood near vendor chatting,stalker_behavior
you didn’t lock your car properly,stalker_behavior
tumhara nature simple aur pyara hai,safe
tumhara dress taste classy hai,safe
your content is deeply offensive,harassment_severe
"tum itni real lagti ho, dil jeet liya",creepy_flirt
you’ve humiliated yourself publicly,harassment_severe
you are a poor representation of people,harassment_severe
talented,safe
tumhari photo baar baar dekh raha hoon,creepy_flirt
nightthoughts,creepy_flirt
tumhare jaise logon se society kharab hoti hai,harassment_severe
you didn’t post your location today,stalker_behavior
i saw you wait at bus stop,stalker_behavior
tempting,creepy_flirt
ab aur bardasht nahi hoga,harassment_med
tumhara naam badnaam kar dunga,harassment_severe
tum so gayi kya baby,creepy_flirt
you cross the bridge daily around 5,stalker_behavior
skin rough lagti,harassment_mild
lowclass,harassment_med
thoda aur dikha do likes badh jayenge,harassment_severe
delete yourself from the internet,harassment_severe
tumhare jaise fake log sab jagah bhare pade hai,harassment_med
vulgar,harassment_med
this is a nightmare to look at,harassment_severe
overconfident,harassment_mild
you are so embarrassing to watch,harassment_severe
shining star,safe
fairness gone,harassment_mild
crushalert,creepy_flirt
you should just delete your account,harassment_severe
tumhara confidence dekh ke accha lagta hai,safe
tum kuch prove nahi kar paogi,harassment_med
tumhari muskaan dil jeet leti hai,safe
tum jaise ladkiyaan sirf paisa ke liye ye sab karti hain,harassment_severe
teeth ajeeb,harassment_mild
kaali aur patli,harassment_severe
"chal nikal yahan se, koi nahi dekhna chahta tujhe",harassment_severe
tumhari vibe addictive hai,creepy_flirt
you keep embarrassing yourself,harassment_severe
tumhari voice peaceful hai,safe
tumhare bina scroll karne ka mann nahi karta,creepy_flirt
i’m obsessed with you,creepy_flirt
tumhare post ka notification on rakha hai,creepy_flirt
i saw your post from same spot,stalker_behavior
tum toh pataka ho,creepy_flirt
nice outfit,safe
obsessed,creepy_flirt
your content makes no sense,harassment_med
acchi,safe
tumhe milne ka mann karta hai,creepy_flirt
lagti buddhi,harassment_mild
low-morals,harassment_med
blessed,safe
lagta hai apna sense hi nahi hai,harassment_med
tum car se nikli aur idhar dekha,stalker_behavior
haddi ban gayi,harassment_med
tumne naya phone liya na,stalker_behavior
stop existing online bimbo,harassment_severe
tumhe dekhke chain chala gaya,creepy_flirt
alonewithyou,creepy_flirt
tum apni izzat khud bech rahi ho online,harassment_severe
sharam nahi aati aise kapde pehen ke post dalte hue,harassment_med
"you’re not hot, stop acting like it",harassment_severe
i saw you outside your class,stalker_behavior
you deserve all the hate you get,harassment_severe
i saw you carrying a coffee cup,stalker_behavior
sab tum par hasta hai,harassment_med
tere jaise log sabka mood kharab kar dete hai,harassment_med
you always ignore me,creepy_flirt
stay positive and keep shining,safe
you’re intolerable to watch,harassment_severe
i saw your smile in shop mirror,stalker_behavior
tum terrace pe selfie le rahi thi,stalker_behavior
sweet look,safe
you should just disappear,harassment_severe
your voice turns me on,creepy_flirt
hi beautiful,creepy_flirt
mast picture hai,safe
you looked beautiful in red hoodie,stalker_behavior
patchy skin,harassment_mild
your posts make people uncomfortable,harassment_severe
cute,creepy_flirt
tum shop ke mirror me dekh rahi thi,stalker_behavior
i saw your photo same outfit me,stalker_behavior
lit one,safe
tera naam dekha aur smile aayi,creepy_flirt
i saw you taking a picture in park,stalker_behavior
you made my day,creepy_flirt
bechari,harassment_mild
you crossed signal just before green,stalker_behavior
you were sitting near library steps,stalker_behavior
dil jeet liya,safe
behenji body,harassment_mild
dull,harassment_mild
tere jaise log society ke liye problem hain,harassment_severe
Why are you alive?,harassment_severe
tumne pink bag carry kiya tha,stalker_behavior
break,harassment_med
tum apni image khud spoil karti,harassment_med
you looked so hot,creepy_flirt
thoda slim ho ja,harassment_mild
sweet,safe
shut the fuck up,harassment_severe
fake confidence hai sab,harassment_med
your account harms the community,harassment_severe
hypocrite,harassment_med
lips fake lagte,harassment_mild
you’re glowing,safe
attentionseeker,harassment_med
tumhare jaise kisi ko dekha nahi,creepy_flirt
chalu,harassment_severe
fame chahiye,harassment_mild
great content,safe
tumhara reel dekh ke mood kharab hota,harassment_med
"tum kuch bhi kar lo, acha nahi lagta",harassment_med
lookback,creepy_flirt
beautiful eyes,creepy_flirt
ja na,harassment_mild
tum sab ke messages me rehti ho,harassment_med
dress tight hai,harassment_mild
you’re a public nuisance,harassment_severe
tum college ke canteen mein thi,stalker_behavior
i saw you take auto from signal,stalker_behavior
confident,safe
i keep thinking about you,creepy_flirt
"abhi toh online ho, real life me bhi mil sakte hain",harassment_severe
dirty,harassment_med
i saw you looking outside window,stalker_behavior
nobody even likes you,harassment_severe
you passed the bakery twice today,stalker_behavior
amazing aura,safe
waitingagain,creepy_flirt
i saw your phone light last night,stalker_behavior
tum so gayi kya abhi?,creepy_flirt
you were on call near juice stall,stalker_behavior
har time insecure lagti ho,harassment_mild
you were near sector 21 park,stalker_behavior
bas ek baar mil lo,creepy_flirt
skin dull ho gayi,harassment_mild
tumne subway ke exit 2 se nikli thi,stalker_behavior
iconic,safe
smile fake,harassment_mild
"go hide somewhere, this isn’t for you",harassment_severe
can’t focus because of you,creepy_flirt
happy to see you smiling,safe
tum phone pe smile kar rahi thi,stalker_behavior
elegant and beautiful presence,safe
heartbeatfast,creepy_flirt
stop polluting timelines with this,harassment_severe
this feels like sunshine,safe
tumhara naam repeat karta rehta hoon,creepy_flirt
nobody cares about your content,harassment_med
truly heartwarming post,safe
eyeson,creepy_flirt
hair thin lag rahe,harassment_mild
tujhe dekh ke lagta hai kuch aur hi chahiye tujhe,harassment_severe
wifey,creepy_flirt
wow,safe
tumhe realise karwana padega kaun ho tum,harassment_severe
i saw your cycle parked near café,stalker_behavior
gora,harassment_mild
"I'm a full on rapist , I mean a philanthropist",harassment_severe
kal raat tumhare dream aaya tha,creepy_flirt
disgusting body,harassment_severe
tumhara caption dil se likha hai,safe
so fake,harassment_med
great edit!,safe
tum apni post se sabko galat signal deti,harassment_med
item lag rahi hai tu,harassment_severe
your content is shameful and crude,harassment_severe
bewda,harassment_mild
you think you’re famous? lol nobody cares,harassment_med
i saw you sitting near window,stalker_behavior
tumhara look mujhe pagal kar deta,creepy_flirt
pigmentation,harassment_mild
tumhari smile fake lagti,harassment_mild
"zyada samajhdar mat ban, nuksan hoga",harassment_severe
love this!,safe
old vibes,harassment_mild
tumhare jaise log sudharti nahi,harassment_med
smart,safe
tum kuch le kar aa rahi thi market se,stalker_behavior
dental karwa lo,harassment_mild
you were sitting by the window again,stalker_behavior
itni cheap ho gayi ho reels ke chakkar mein,harassment_med
You are so rude and so stupid! Get a life bitches.,harassment_severe
tumhe kuch aata nahi,harassment_med
tum sirf likes aur comments ke liye sab karti,harassment_mild
fair nahi lagti,harassment_mild
tum bas sympathy collect karti ho,harassment_med
ye sab ladkiyan toh sirf body dikhane ke liye online hain,harassment_severe
sabko dikhane ke liye hi post karti hai,harassment_med
love the way you look,creepy_flirt
ek baar reply kar do na please,creepy_flirt
tum subway ke paas thi kal,stalker_behavior
khubsurat,safe
you didn’t wear your cap today,stalker_behavior
you’re not as smart as you think,harassment_med
you're so dumb sometimes,harassment_mild
over smart,harassment_mild
tumne insta pe blue wall photo dali,stalker_behavior
no shape,harassment_med
tumhara dressing sense classy hai,safe
sweet lips,creepy_flirt
age bad gayi kya,harassment_mild
i saw your friend drop you home,stalker_behavior
fake body,harassment_med
tum sabko manipulate karti ho,harassment_med
i saw you taking rickshaw yesterday,stalker_behavior
kab mil rahi ho,creepy_flirt
you looked so stunning in that outfit,creepy_flirt
everyone talks behind your back,harassment_med
you're glowing today,safe
tumhe khud pe doubt hona chahiye,harassment_severe
you entered building C yesterday,stalker_behavior
lips black,harassment_mild
nobody believes your positivity,harassment_med
Asshole,harassment_severe
very pure and natural,safe
tumhara content motivate karta hai,safe
adorable,safe
irrelevant,harassment_mild
height,harassment_mild
lagta hai tan ho gaya,harassment_mild
patli,harassment_mild
ye sab kar ke bhi koi respect expect karti hai,harassment_med
nice smile,safe
tumhare jaise logon ko sab dikhana padta hai,harassment_severe
you’re not even that pretty,harassment_med
tumhara glow natural lagta hai,safe
tum photo le rahi thi sunset pe,stalker_behavior
everypost,creepy_flirt
i dreamt about you again,creepy_flirt
dark skin,harassment_med
very soothing to watch,safe
tumhara overconfidence hi le doobega,harassment_mild
such peaceful vibes here,safe
shorty,harassment_mild
why do you even post this nonsense,harassment_med
you're so bimbo it's painful,harassment_severe
glowing,safe
whereareyou,creepy_flirt
you crossed me at signal light,stalker_behavior
lagta hai apne aap ko hero,harassment_mild
tumhare jaise logon se nipatna aata hai mujhe,harassment_severe
no one respects your opinions,harassment_med
you’re making a mockery of yourself,harassment_severe
neverignore,creepy_flirt
tumhare pass se nikla tha main,stalker_behavior
desperate,harassment_med
you’re my dream girl,creepy_flirt
lips,creepy_flirt
yourplace,creepy_flirt
gandi,harassment_med
crybaby,harassment_med
bad skin,harassment_mild